{
    "table":{
    "en": {
        "LANGUAGE_NAME": "English",
        "LANGUAGE": "Language",
        "INTERNET_CONNECTED": "We've just found the internet.",
        "INTERNET_DISCONNECTED": "We're sorry, we can't seem to connect to the Jackbox Games servers.<br />Please check that your internet connection is working properly.",
        "ROOM_DESTROYED": "We're sorry, a network error occurred and your room was destroyed.<br />Please check that your internet connection is working properly.",
        "SOCKET_DISCONNECTED ": "We're sorry, we've lost your connection to the Jackbox Games servers.",
        "TIMEOUT": "We're sorry, we can't seem to connect to the Jackbox Games servers.<br />Please check that your internet connection is working properly.",
        "USER_DISCONNECT": "We're sorry, the server has disconnected you. Please try again.",
        "LOST_LICENSE": "We're sorry, we lost the license for this content!",
        "STEAM_ERROR": "We're sorry, we couldn't validate your Steam license.",
        "TWITCH_PRIME_ERROR": "We're sorry, we couldn't validate your Twitch Prime license.",
        "LOST_DLC": "We're sorry, the license for your DLC could not be found. Returning you to the menu...",
        "BACK": "RETOUR",
        "CLOSE": "FERMER",
        "CANCEL": "ANNULER",
        "SELECT": "SELECTIONNER",
        "OR": "OU",
        "ON": "On",
        "OFF": "Off",
        "HIDE": "CACHER",
        "UNHIDE": "MONTRER",
        "JOIN": "REJOIGNEZ !",
        "PLAY": "JOUER",
        "SETTINGS": "PARAMETRES",
        "LEADERBOARD": "Leaderboard",
        "BACK_TO_PACK": "RETOUR",
        "PLAY_DESCRIPTION": "Create a game room & play!",
        "SETTINGS_DESCRIPTION": "Family-Friendly Filter, Audience option, & more.",
        "LEADERBOARD_DESCRIPTION": "Track stats from your recent games.",
        "BACK_TO_PACK_DESCRIPTION": "Exit back to the Party Pack.",
        "SETTINGS_TITLE": "PARAMETRES",
        "LEADERBOARD_TITLE": "LEADERBOARD",
        "CONNECTING": "Connecting to jackbox games services",
        "CONNECTING_DELAY": "This is taking a while...<br/>Please check your internet connection.",
        "GO_TO": "Go to",
        "JOIN_ON_YOUR_DEVICE": "Rejoignez sur",
        "USING_ROOM_CODE": "en utilisant le code",
        "POST_GAME_CHOICE_TITLE": "Que voulez-vous faire maintenant ?",
        "EVERYBODY_S_IN": "Appuyez sur EVERYBODY'S IN pour commencer !",
        "PRESS": "Appuyez sur",
        "TO_START": "pour commencer",
        "TO_CANCEL": "pour annuler",
        "TO_START_GAME": "pour commencer la partie",
        "TO_CANCEL_GAME": "pour annuler la partie",
        "JOIN_AUDIENCE": "Rejoinez l'audience!",
        "PLAY_AGAIN": "REJOUER ?",
        "SAME_PLAYERS": "MEMES JOUEURS",
        "LOBBY_OR": "OU",
        "NEW_PLAYERS": "NOUVEAUX JOUEURS",
        "PLAY_AGAIN_WITH_SAME_PLAYERS": "Rejouer avec les mêmes joueurs ",
        "PLAY_AGAIN_WITH_NEW_PLAYERS": "Rejouer avec de nouveaux joueurs",
        "NUMBER_0": "zero",
        "NUMBER_1": "un",
        "NUMBER_2": "deux",
        "NUMBER_3": "trois",
        "NUMBER_4": "quatre",
        "NUMBER_5": "cinq",
        "NUMBER_6": "six",
        "NUMBER_7": "sept",
        "NUMBER_8": "huit",
        "NUMBER_9": "neuf",
        "NUMBER_10": "dic",
        "FULL_SCREEN": "Full-Screen Mode",
        "FULL_SCREEN_DESCRIPTION": "Make the game take up the full....screen.",
        "VOLUME": "Master Volume",
        "VOLUME_DESCRIPTION": "Make the game LOUD or QUIET.",
        "VOLUME_HOST": "Host Volume",
        "VOLUME_HOST_DESCRIPTION": "Turn down the host if you want to be confused and lonely.",
        "VOLUME_SFX": "SFX Volume",
        "VOLUME_SFX_DESCRIPTION": "We worked hard on these fart sounds, but you can turn them down if you want.",
        "VOLUME_MUSIC": "Music Volume",
        "VOLUME_MUSIC_DESCRIPTION": "Turn down our great music. We don't mind.",
        "FAMILY_FRIENDLY": "Family-Friendly Filter",
        "FAMILY_FRIENDLY_DESCRIPTION": "Turn ON to avoid the most provocative content.",
        "AUDIENCE_MODE": "Audience",
        "AUDIENCE_MODE_DESCRIPTION": "Turn on to allow non-players to join and affect the game.",
        "TWITCH_REQUIRED": "Require Twitch",
        "TWITCH_REQUIRED_DESCRIPTION": "Require players to be logged into Twitch to join the game.",
        "MANUAL_CENSORING": "Manual Censoring",
        "MANUAL_CENSORING_DESCRIPTION": "Allows the VIP (first player in) to censor players' answers.",
        "START_GAMEPAD": "Start Game from Controller Only",
        "START_GAMEPAD_DESCRIPTION": "Games must be started with controller, not from player devices.",
        "POSTGAME_SHARING": "Post-Game Sharing",
        "POSTGAME_SHARING_DESCRIPTION": "When turned off, players can NOT share content from game on social media.",
        "HIDE_ROOM_CODE": "Allow Room Code Hiding",
        "HIDE_ROOM_CODE_DESCRIPTION": "Allow room code to be hidden to prevent players from joining early.",
        "CLOSED_CAPTION": "Closed Caption",
        "CLOSED_CAPTION_DESCRIPTION": "Display closed caption.",
        "SESSION_STATS": "Session Stats",
        "SESSION_STATS_DESCRIPTION": "Stats from the current play session (These stats will reset when you quit the game.)",
        "TWITCH_STATS": "Twitch Stats",
        "TWITCH_STATS_DESCRIPTION": "Stats from Twitch-locked games (These stats are saved even after you quit the game.)",
        "EXTENDED_TIMERS": "Extended Timers",
        "EXTENDED_TIMERS_DESCRIPTION": "Enable very long timers. Recommended only for streamed games.",
        "SKIP_TUTORIAL": "Skip Tutorials",
        "SKIP_TUTORIAL_DESCRIPTION": "Skip tutorial sections.",
        "MESSAGE_EFFECT": "Hide Secret Lightning Words",
        "MESSAGE_EFFECT_DESCRIPTION": "When ON, lightning flashes triggered by secret words will not appear on screen.",
        "MESSAGE_ON_SCREEN": "Hide On-Screen Messages",
        "MESSAGE_ON_SCREEN_DESCRIPTION": "Worried about your friends' terrible messages? You can keep them from appearing on-screen.",
        "PLAYER_NAME": "Player Name",
        "HIGH_SCORE": "High Score",
        "AVERAGE_SCORE": "Average Score",
        "GAMES_PLAYED": "Games Played",
        "GAMES_WON": "Games Won",
        "TOTAL_DATES": "Number of Dates",
        "AVERAGE_DATES": "Average Dates",
        "TOTAL_REJECTIONS": "Number of Rejections",
        "AVERAGE_REJECTIONS": "Average Rejections",
        "SKIP_TUTORIAL_VIP": "Appuyez ici pour passer le tutoriel...",
        "SKIP": "Passer",
        "WINNER": "GAGNANT!",
        "WINNERS": "GAGNANTS!",
        "WTH": "avec",
        "POINTS": "Points",
        "MOST_DATES": "Plus de dates",
        "DATE": "date",
        "DATES": "dates",
        "MOST_REJECTIONS": "Plus de rejets",
        "REJECTION": "rejet",
        "REJECTIONS": "rejets",
        "MOST_ASKED": "Plus demandé",
        "TIME": "Fois",
        "TIMES": "Fois",
        "PICK_A_DATE": "Choisissez avec qui vous voulez sortir",
        "PICK_A_SECOND_DATE": "Choisissez la seconde personne avec laquelle vous voulez sortir",
        "NIGHT": "Nuit",
        "LAST_NIGHT": "Dernière nuit",
        "POINTS_ARE_DOUBLED": "Les coeurs sont doublés lors des dates !",
        "HUMAN": "Humain",
        "HUMAN_DESCRIPTION": [
            "Le pouvoir de [Player] n'a pas encore été révélé.",
            "Reviens quand le pouvoir de [Player] sera révélé.",
            "Le pouvoir de [Player] reste un mystère pour le moment.",
            "Quel est le pouvoir de [Player] ? Redemande plus tard.",
            "Désolé, nous ne savons pas à quel est le pouvoir de [Player].",
            "Aucune info sur le pouvoir de [Player]. Mais merci d'avoir demandé",
            "La page où le pouvoir de [Player] sera révélé est encore en cours de construction."
        ],
        "DIDNOT_ASK_ANYBODY_OUT": "A choisi personne.",
        "TIME_S_UP": "Terminé !",
        "HEART": "coeur",
        "HEARTS": "coeurs",
        "MOST_HEARTS": "PLUS DE COEUR",
        "PLACED": "PLACED",
        "POWER_TRIGGERED": "Your power triggered",
        "NO_ONE_MESSAGED_AUDIENCE": "Personne a envoyé un message à l'audience.",
        "WHO_DO_YOU_WANT_TO_DATE": "Avec qui veux-tu sortir ?",
        "DATE_NO_ONE": "Je veux sortir avec personne.",
        "OF_THE_VOTES": "des votes",
        "FIRST": "1er",
        "SECOND": "2nd",
        "THIRD": "3ème",
        "FOURTH": "4ème",
        "FIFTH": "5ème",
        "SIXTH": "6ème",
        "SEVENTH": "7ème",
        "EIGHTH": "8ème",
        "DESTROYER": "DESTRUCTEUR!",
        "ROBOT_DESTROYS_HUMANITY": "LE BOT A DETRUIT L'HUMANITE!",
        "ZOMBIE_APOCALYPSE": "APOCALYPSE ZOMBIE !",
        "NO_WINNER": "AUCUN GAGNANT!<br /><br />LE BOT<br />A DETRUIT L'HUMANITE",
        "EPITAPH": [
            "Was a happy going [Monster Type] looking for love.",
            "A [Monster Type] who never stopped looking for love.",
            "It's not easy for a [Monster Type] to find true love.",
            "Was a great loveable [Monster Type]."
        ],
        "SECRET_WORD_IS": "Le mot secret est :",
        "SENDING_MESSAGE_TO": "Votes pour une phrase à envoyer à ",
        "THE_MAIN_SCREEN": "the main screen.",
        "EVERYBODY": "everybody.",
        "AND": "and ",
        "SPONSOR": "Sponsorisé par : "
    },
    "fr": {},
    "it": {},
    "de": {},
    "es": {}
}
}